<metadata>
   <acquisitionConfig>
      <microscope name="Unnamed">
         <camera>
            <n>1.0;0.0;0.0</n>
            <x>0.0;-1.0;0.0</x>
            <width>0.04</width>
            <height>0.03</height>
         </camera>
         <tiltAxis>0.0;1.0;0.0</tiltAxis>
      </microscope>
      <tiltAngle>1.2217304763960306</tiltAngle>
      <workingDistance>0.015</workingDistance>
      <beamEnergy>20000.0</beamEnergy>
      <magnification>100.0</magnification>
      <sampleRotation>1.0;0.0;0.0;0.0</sampleRotation>
      <patternCenterX>0.0</patternCenterX>
      <patternCenterY>0.0</patternCenterY>
      <cameraDistance>0.0</cameraDistance>
   </acquisitionConfig>
</metadata>